standard_code,chinese_name,category_name,analyte_name,specimen_type,result_type,source_code,source_record_id
0100101A,白细胞计数,血细胞分析,白细胞（数量）,全血,quantitative,WST886_2026,WST886_2026:0100101A
0100201A,红细胞计数,血细胞分析,红细胞（数量）,全血,quantitative,WST886_2026,WST886_2026:0100201A
0100301A,血小板计数,血细胞分析,血小板（数量）,全血,quantitative,WST886_2026,WST886_2026:0100301A
0100401A,血红蛋白测定,血细胞分析,红细胞（血红蛋白浓度）,全血,quantitative,WST886_2026,WST886_2026:0100401A
0100501A,血细胞比容测定,血细胞分析,红细胞（比容）,全血,quantitative,WST886_2026,WST886_2026:0100501A
0100601A,平均红细胞体积测定,血细胞分析,红细胞（平均体积）,全血,quantitative,WST886_2026,WST886_2026:0100601A
0100701A,平均红细胞血红蛋白含量测定,血细胞分析,红细胞（平均血红蛋白含量）,全血,quantitative,WST886_2026,WST886_2026:0100701A
0100801A,平均红细胞血红蛋白浓度测定,血细胞分析,红细胞（平均血红蛋白浓度）,全血,quantitative,WST886_2026,WST886_2026:0100801A
0100901A,网织红细胞计数,血细胞分析,网织红细胞（数量）,全血,quantitative,WST886_2026,WST886_2026:0100901A
0300101A,红细胞沉降率测定,血流变学检查,红细胞（沉降率）,全血,quantitative,WST886_2026,WST886_2026:0300101A
0300201A,全血黏度测定,血流变学检查,黏度（全血）,全血,quantitative,WST886_2026,WST886_2026:0300201A
0300303A,血浆黏度测定,血流变学检查,黏度（血浆）,血浆,quantitative,WST886_2026,WST886_2026:0300303A
0400101A,血红蛋白A 测定2,血红蛋白病检测,血红蛋白A2,全血,quantitative,WST886_2026,WST886_2026:0400101A
0400201A,血红蛋白F测定,血红蛋白病检测,血红蛋白F,全血,quantitative,WST886_2026,WST886_2026:0400201A
0500103A,凝血酶原时间检测,凝血实验,凝血酶原,血浆,quantitative,WST886_2026,WST886_2026:0500103A
0500203A,活化部分凝血活酶时间检测,凝血实验,凝血活酶,血浆,quantitative,WST886_2026,WST886_2026:0500203A
0500303A,凝血酶时间检测,凝血实验,凝血酶时间,血浆,quantitative,WST886_2026,WST886_2026:0500303A
0500403A,纤维蛋白原检测,凝血实验,纤维蛋白原,血浆,quantitative,WST886_2026,WST886_2026:0500403A
0500503A,凝血因子Ⅱ活性检测,凝血实验,凝血因子Ⅱ,血浆,quantitative,WST886_2026,WST886_2026:0500503A
0500603A,凝血因子Ⅴ活性检测,凝血实验,凝血因子Ⅴ,血浆,quantitative,WST886_2026,WST886_2026:0500603A
0500703A,凝血因子Ⅶ活性检测,凝血实验,凝血因子Ⅶ,血浆,quantitative,WST886_2026,WST886_2026:0500703A
0500803A,凝血因子Ⅷ活性检测,凝血实验,凝血因子Ⅷ,血浆,quantitative,WST886_2026,WST886_2026:0500803A
0500903A,凝血因子Ⅸ活性检测,凝血实验,凝血因子Ⅸ,血浆,quantitative,WST886_2026,WST886_2026:0500903A
0501003A,凝血因子Ⅹ活性检测,凝血实验,凝血因子Ⅹ,血浆,quantitative,WST886_2026,WST886_2026:0501003A
0501103A,凝血因子Ⅺ活性检测,凝血实验,凝血因子Ⅺ,血浆,quantitative,WST886_2026,WST886_2026:0501103A
0501203A,凝血因子Ⅻ活性检测,凝血实验,凝血因子Ⅻ,血浆,quantitative,WST886_2026,WST886_2026:0501203A
0501303A,抗凝血因子Ⅹa活性检测,凝血实验,抗凝血因子Ⅹa,血浆,quantitative,WST886_2026,WST886_2026:0501303A
0501403A,抗凝血酶活性检测,凝血实验,抗凝血酶,血浆,quantitative,WST886_2026,WST886_2026:0501403A
0501503A,蛋白C活性检测,凝血实验,蛋白C,血浆,quantitative,WST886_2026,WST886_2026:0501503A
0501603A,蛋白S活性检测,凝血实验,蛋白S,血浆,quantitative,WST886_2026,WST886_2026:0501603A
0501703A,D-二聚体检测,凝血实验,D-二聚体,血浆,quantitative,WST886_2026,WST886_2026:0501703A
0501803A,纤维蛋白（原）降解产物检测,凝血实验,纤维蛋白（原）降解产物,血浆,quantitative,WST886_2026,WST886_2026:0501803A
0501903A,血管性血友病因子抗原检测,凝血实验,血管性血友病因子抗原,血浆,quantitative,WST886_2026,WST886_2026:0501903A
0800101A,淋巴细胞亚群测定：CD3+细胞相对计数,淋巴细胞亚群检测,CD3+细胞（相对计数）,全血,quantitative,WST886_2026,WST886_2026:0800101A
0800201A,淋巴细胞亚群测定：CD3+细胞绝对计数,淋巴细胞亚群检测,CD3+细胞（绝对计数）,全血,quantitative,WST886_2026,WST886_2026:0800201A
0800301A,淋巴细胞亚群测定：CD3+CD4+细胞相对计数,淋巴细胞亚群检测,CD3+CD4+细胞（相对计数）,全血,quantitative,WST886_2026,WST886_2026:0800301A
0800401A,淋巴细胞亚群测定：CD3+CD4+细胞绝对计数,淋巴细胞亚群检测,CD3+CD4+细胞（绝对计数）,全血,quantitative,WST886_2026,WST886_2026:0800401A
0800501A,淋巴细胞亚群测定：CD3+CD8+细胞相对计数,淋巴细胞亚群检测,CD3+CD8+细胞（相对计数）,全血,quantitative,WST886_2026,WST886_2026:0800501A
0800601A,淋巴细胞亚群测定：CD3+CD8+细胞绝对计数,淋巴细胞亚群检测,CD3+CD8+细胞（绝对计数）,全血,quantitative,WST886_2026,WST886_2026:0800601A
0800701A,淋 巴 细 胞 亚 群 测 定 ：CD3-CD19+细胞相对计数,淋巴细胞亚群检测,CD3-CD19+细胞（相对计数）,全血,quantitative,WST886_2026,WST886_2026:0800701A
0800801A,淋 巴 细 胞 亚 群 测 定 ：CD3-CD19+细胞绝对计数,淋巴细胞亚群检测,CD3-CD19+细胞（绝对计数）,全血,quantitative,WST886_2026,WST886_2026:0800801A
0800901A,淋 巴 细 胞 亚 群 测 定 ：CD3-CD16+CD56+细胞相对计数,淋巴细胞亚群检测,CD3-CD16+CD56+细胞（相对计数）,全血,quantitative,WST886_2026,WST886_2026:0800901A
0801001A,淋 巴 细 胞 亚 群 测 定 ：CD3-CD16+CD56+细胞绝对计数,淋巴细胞亚群检测,CD3-CD16+CD56+细胞（绝对计数）,全血,quantitative,WST886_2026,WST886_2026:0801001A
0900101A,CD34+细胞相对计数,血液流式分析其他项目,CD34+细胞（相对计数）,全血,quantitative,WST886_2026,WST886_2026:0900101A
0900201A,CD34+细胞绝对计数,血液流式分析其他项目,CD34+细胞（绝对计数）,全血,quantitative,WST886_2026,WST886_2026:0900201A
1100104A,白蛋白测定,蛋白质及多肽类,白蛋白,血清、血浆,quantitative,WST886_2026,WST886_2026:1100104A
1100110A,尿液白蛋白测定,蛋白质及多肽类,白蛋白,尿液,quantitative,WST886_2026,WST886_2026:1100110A
1100112A,脑脊液白蛋白测定,蛋白质及多肽类,白蛋白,脑脊液,quantitative,WST886_2026,WST886_2026:1100112A
1100204A,总蛋白测定,蛋白质及多肽类,总蛋白,血清、血浆,quantitative,WST886_2026,WST886_2026:1100204A
1100210A,尿液总蛋白测定,蛋白质及多肽类,总蛋白,尿液,quantitative,WST886_2026,WST886_2026:1100210A
1100212A,脑脊液总蛋白测定,蛋白质及多肽类,总蛋白,脑脊液,quantitative,WST886_2026,WST886_2026:1100212A
1100301A,糖化血红蛋白测定,蛋白质及多肽类,糖化血红蛋白,全血,quantitative,WST886_2026,WST886_2026:1100301A
1100404A,糖化白蛋白测定,蛋白质及多肽类,糖化白蛋白,血清、血浆,quantitative,WST886_2026,WST886_2026:1100404A
1100504A,性激素结合球蛋白测定,蛋白质及多肽类,性激素结合球蛋白,血清、血浆,quantitative,WST886_2026,WST886_2026:1100504A
1100604A,甲状腺球蛋白测定,蛋白质及多肽类,甲状腺球蛋白,血清、血浆,quantitative,WST886_2026,WST886_2026:1100604A
1100704A,抗缪勒管激素测定,蛋白质及多肽类,抗缪勒管激素,血清、血浆,quantitative,WST886_2026,WST886_2026:1100704A
1100802A,血清蛋白电泳测定,蛋白质及多肽类,血清蛋白,血清,quantitative,WST886_2026,WST886_2026:1100802A
1100902A,β-微球蛋白测定2,蛋白质及多肽类,β-微球蛋白2,血清,quantitative,WST886_2026,WST886_2026:1100902A
1100910A,尿液β-微球蛋白测定2,蛋白质及多肽类,β-微球蛋白2,尿液,quantitative,WST886_2026,WST886_2026:1100910A
1101010A,尿液α-微球蛋白测定1,蛋白质及多肽类,α-微球蛋白1,尿液,quantitative,WST886_2026,WST886_2026:1101010A
1101104A,视黄醇结合蛋白测定,蛋白质及多肽类,视黄醇结合蛋白,血清、血浆,quantitative,WST886_2026,WST886_2026:1101104A
1101110A,尿液视黄醇结合蛋白测定,蛋白质及多肽类,视黄醇结合蛋白,尿液,quantitative,WST886_2026,WST886_2026:1101110A
1101204A,半胱氨酸蛋白酶抑制剂C测定,蛋白质及多肽类,半胱氨酸蛋白酶抑制剂C,血清、血浆,quantitative,WST886_2026,WST886_2026:1101204A
1101310A,尿液转铁蛋白测定,蛋白质及多肽类,转铁蛋白,尿液,quantitative,WST886_2026,WST886_2026:1101310A
1101304A,转铁蛋白测定,蛋白质及多肽类,转铁蛋白,血清、血浆,quantitative,WST886_2026,WST886_2026:1101304A
1101405A,C反应蛋白测定,蛋白质及多肽类,C反应蛋白,全血、血清、血浆,quantitative,WST886_2026,WST886_2026:1101405A
1101504A,降钙素原测定,蛋白质及多肽类,降钙素原,血清、血浆,quantitative,WST886_2026,WST886_2026:1101504A
1101604A,血清淀粉样蛋白A测定,蛋白质及多肽类,血清淀粉样蛋白A,血清、血浆,quantitative,WST886_2026,WST886_2026:1101604A
1101704A,抗链球菌溶血素O测定,蛋白质及多肽类,抗链球菌溶血素O,血清、血浆,quantitative,WST886_2026,WST886_2026:1101704A
1101804A,免疫球蛋白G测定,蛋白质及多肽类,免疫球蛋白G,血清、血浆,quantitative,WST886_2026,WST886_2026:1101804A
1101810A,尿液免疫球蛋白G测定,蛋白质及多肽类,免疫球蛋白G,尿液,quantitative,WST886_2026,WST886_2026:1101810A
1101812A,脑脊液免疫球蛋白G测定,蛋白质及多肽类,免疫球蛋白G,脑脊液,quantitative,WST886_2026,WST886_2026:1101812A
1101904A,免疫球蛋白M测定,蛋白质及多肽类,免疫球蛋白M,血清、血浆,quantitative,WST886_2026,WST886_2026:1101904A
1101912A,脑脊液免疫球蛋白M测定,蛋白质及多肽类,免疫球蛋白M,脑脊液,quantitative,WST886_2026,WST886_2026:1101912A
1102004A,免疫球蛋白A测定,蛋白质及多肽类,免疫球蛋白A,血清、血浆,quantitative,WST886_2026,WST886_2026:1102004A
1102012A,脑脊液免疫球蛋白A测定,蛋白质及多肽类,免疫球蛋白A,脑脊液,quantitative,WST886_2026,WST886_2026:1102012A
1102104A,免疫球蛋白E测定,蛋白质及多肽类,免疫球蛋白E,血清、血浆,quantitative,WST886_2026,WST886_2026:1102104A
1102204A,免疫球蛋白κ轻链测定,蛋白质及多肽类,免疫球蛋白κ轻链,血清、血浆,quantitative,WST886_2026,WST886_2026:1102204A
1102304A,免疫球蛋白λ轻链测定,蛋白质及多肽类,免疫球蛋白λ轻链,血清、血浆,quantitative,WST886_2026,WST886_2026:1102304A
1102404A,补体3测定,蛋白质及多肽类,补体3,血清、血浆,quantitative,WST886_2026,WST886_2026:1102404A
1102504A,补体4测定,蛋白质及多肽类,补体4,血清、血浆,quantitative,WST886_2026,WST886_2026:1102504A
1102604A,类风湿因子测定,蛋白质及多肽类,类风湿因子,血清、血浆,quantitative,WST886_2026,WST886_2026:1102604A
1102704A,结合珠蛋白测定,蛋白质及多肽类,结合珠蛋白,血清、血浆,quantitative,WST886_2026,WST886_2026:1102704A
1102804A,铁蛋白测定,蛋白质及多肽类,铁蛋白,血清、血浆,quantitative,WST886_2026,WST886_2026:1102804A
1102904A,前白蛋白测定,蛋白质及多肽类,前白蛋白,血清、血浆,quantitative,WST886_2026,WST886_2026:1102904A
1103004A,脂联素测定,蛋白质及多肽类,脂联素,血清、血浆,quantitative,WST886_2026,WST886_2026:1103004A
1103104A,层黏连蛋白测定,蛋白质及多肽类,层黏连蛋白,血清、血浆,quantitative,WST886_2026,WST886_2026:1103104A
1103204A,Ⅲ型前胶原N端肽测定,蛋白质及多肽类,Ⅲ型前胶原N端肽,血清、血浆,quantitative,WST886_2026,WST886_2026:1103204A
1103304A,Ⅳ型胶原蛋白测定,蛋白质及多肽类,Ⅳ型胶原蛋白,血清、血浆,quantitative,WST886_2026,WST886_2026:1103304A
1200104A,促黄体生成素测定,激素类,促黄体生成素,血清、血浆,quantitative,WST886_2026,WST886_2026:1200104A
1200204A,卵泡刺激素测定,激素类,卵泡刺激素,血清、血浆,quantitative,WST886_2026,WST886_2026:1200204A
1200304A,促肾上腺皮质激素测定,激素类,促肾上腺皮质激素,血清、血浆,quantitative,WST886_2026,WST886_2026:1200304A
1200404A,泌乳素测定,激素类,泌乳素,血清、血浆,quantitative,WST886_2026,WST886_2026:1200404A
1200504A,生长激素测定,激素类,生长激素,血清、血浆,quantitative,WST886_2026,WST886_2026:1200504A
1200604A,促甲状腺激素测定,激素类,促甲状腺激素,血清、血浆,quantitative,WST886_2026,WST886_2026:1200604A
1200704A,三碘甲状腺原氨酸测定,激素类,三碘甲状腺原氨酸,血清、血浆,quantitative,WST886_2026,WST886_2026:1200704A
1200804A,甲状腺素测定,激素类,甲状腺素,血清、血浆,quantitative,WST886_2026,WST886_2026:1200804A
1200904A,游离三碘甲状腺原氨酸测定,激素类,游离三碘甲状腺原氨酸,血清、血浆,quantitative,WST886_2026,WST886_2026:1200904A
1201004A,游离甲状腺素测定,激素类,游离甲状腺素,血清、血浆,quantitative,WST886_2026,WST886_2026:1201004A
1201104A,反三碘甲状腺原氨酸测定,激素类,反三碘甲状腺原氨酸,血清、血浆,quantitative,WST886_2026,WST886_2026:1201104A
1201204A,甲状旁腺激素测定,激素类,甲状旁腺激素,血清、血浆,quantitative,WST886_2026,WST886_2026:1201204A
1201304A,孕酮测定,激素类,孕酮,血清、血浆,quantitative,WST886_2026,WST886_2026:1201304A
1201404A,睾酮测定,激素类,睾酮,血清、血浆,quantitative,WST886_2026,WST886_2026:1201404A
1201504A,雌二醇测定,激素类,雌二醇,血清、血浆,quantitative,WST886_2026,WST886_2026:1201504A
1201604A,雌三醇测定,激素类,雌三醇,血清、血浆,quantitative,WST886_2026,WST886_2026:1201604A
1201704A,17α-羟孕酮测定,激素类,17α-羟孕酮,血清、血浆,quantitative,WST886_2026,WST886_2026:1201704A
1201709A,血斑17α-羟孕酮测定,激素类,17α-羟孕酮,血斑,quantitative,WST886_2026,WST886_2026:1201709A
1201804A,硫酸脱氢表雄酮测定,激素类,硫酸脱氢表雄酮,血清、血浆,quantitative,WST886_2026,WST886_2026:1201804A
1201904A,胰岛素测定,激素类,胰岛素,血清、血浆,quantitative,WST886_2026,WST886_2026:1201904A
1202004A,C肽测定,激素类,C肽,血清、血浆,quantitative,WST886_2026,WST886_2026:1202004A
1202104A,皮质醇测定,激素类,皮质醇,血清、血浆,quantitative,WST886_2026,WST886_2026:1202104A
1202204A,醛固酮测定,激素类,醛固酮,血清、血浆,quantitative,WST886_2026,WST886_2026:1202204A
1202210A,尿液醛固酮测定,激素类,醛固酮,尿液,quantitative,WST886_2026,WST886_2026:1202210A
1202303A,肾素浓度测定,激素类,肾素,血浆,quantitative,WST886_2026,WST886_2026:1202303A
1202403A,肾素活性测定,激素类,肾素（活性）,血浆,quantitative,WST886_2026,WST886_2026:1202403A
1202503A,血管紧张素Ⅰ测定,激素类,血管紧张素Ⅰ,血浆,quantitative,WST886_2026,WST886_2026:1202503A
1202603A,血管紧张素Ⅱ测定,激素类,血管紧张素Ⅱ,血浆,quantitative,WST886_2026,WST886_2026:1202603A
1300101A,环孢霉素测定,治疗药物监测,环孢霉素,全血,quantitative,WST886_2026,WST886_2026:1300101A
1300201A,他克莫司测定,治疗药物监测,他克莫司,全血,quantitative,WST886_2026,WST886_2026:1300201A
1300301A,西罗莫司测定,治疗药物监测,西罗莫司（雷帕霉素）,全血,quantitative,WST886_2026,WST886_2026:1300301A
1300404A,卡马西平测定,治疗药物监测,卡马西平,血清、血浆,quantitative,WST886_2026,WST886_2026:1300404A
1300504A,"10,11-二氢-10-羟基卡马西平测定",治疗药物监测,"10,11-二氢-10-羟基卡马西平",血清、血浆,quantitative,WST886_2026,WST886_2026:1300504A
1300604A,地高辛测定,治疗药物监测,地高辛,血清、血浆,quantitative,WST886_2026,WST886_2026:1300604A
1300704A,苯妥英测定,治疗药物监测,苯妥英,血清、血浆,quantitative,WST886_2026,WST886_2026:1300704A
1300804A,茶碱测定,治疗药物监测,茶碱,血清、血浆,quantitative,WST886_2026,WST886_2026:1300804A
1300904A,丙戊酸测定,治疗药物监测,丙戊酸,血清、血浆,quantitative,WST886_2026,WST886_2026:1300904A
1301004A,拉莫三嗪测定,治疗药物监测,拉莫三嗪,血清、血浆,quantitative,WST886_2026,WST886_2026:1301004A
1301104A,左乙拉西坦测定,治疗药物监测,左乙拉西坦,血清、血浆,quantitative,WST886_2026,WST886_2026:1301104A
1301204A,托吡酯测定,治疗药物监测,托吡酯,血清、血浆,quantitative,WST886_2026,WST886_2026:1301204A
1301304A,奥氮平测定,治疗药物监测,奥氮平,血清、血浆,quantitative,WST886_2026,WST886_2026:1301304A
1301404A,氯氮平测定,治疗药物监测,氯氮平,血清、血浆,quantitative,WST886_2026,WST886_2026:1301404A
1301504A,去甲氯氮平测定,治疗药物监测,去甲氯氮平,血清、血浆,quantitative,WST886_2026,WST886_2026:1301504A
1301604A,利培酮测定,治疗药物监测,利培酮,血清、血浆,quantitative,WST886_2026,WST886_2026:1301604A
1301704A,帕利哌酮测定,治疗药物监测,帕利哌酮,血清、血浆,quantitative,WST886_2026,WST886_2026:1301704A
1301804A,阿立哌唑测定,治疗药物监测,阿立哌唑,血清、血浆,quantitative,WST886_2026,WST886_2026:1301804A
1301904A,脱氢阿立哌唑测定,治疗药物监测,脱氢阿立哌唑,血清、血浆,quantitative,WST886_2026,WST886_2026:1301904A
1302004A,氨磺必利测定,治疗药物监测,氨磺必利,血清、血浆,quantitative,WST886_2026,WST886_2026:1302004A
1302104A,喹硫平测定,治疗药物监测,喹硫平,血清、血浆,quantitative,WST886_2026,WST886_2026:1302104A
1302204A,氯丙嗪测定,治疗药物监测,氯丙嗪,血清、血浆,quantitative,WST886_2026,WST886_2026:1302204A
1302304A,万古霉素测定,治疗药物监测,万古霉素,血清、血浆,quantitative,WST886_2026,WST886_2026:1302304A
1302404A,美罗培南测定,治疗药物监测,美罗培南,血清、血浆,quantitative,WST886_2026,WST886_2026:1302404A
1302504A,亚胺培南测定,治疗药物监测,亚胺培南,血清、血浆,quantitative,WST886_2026,WST886_2026:1302504A
1302604A,利奈唑胺测定,治疗药物监测,利奈唑胺,血清、血浆,quantitative,WST886_2026,WST886_2026:1302604A
1302704A,替考拉宁测定,治疗药物监测,替考拉宁,血清、血浆,quantitative,WST886_2026,WST886_2026:1302704A
1400104A,锂离子测定,无机离子类,锂离子,血清、血浆,quantitative,WST886_2026,WST886_2026:1400104A
1400205A,钠离子测定,无机离子类,钠离子,全血、血清、血浆,quantitative,WST886_2026,WST886_2026:1400205A
1400210A,尿液钠离子测定,无机离子类,钠离子,尿液,quantitative,WST886_2026,WST886_2026:1400210A
1400305A,镁离子测定,无机离子类,镁离子,全血、血清、血浆,quantitative,WST886_2026,WST886_2026:1400305A
1400310A,尿液镁离子测定,无机离子类,镁离子,尿液,quantitative,WST886_2026,WST886_2026:1400310A
1400404A,磷酸根离子测定,无机离子类,磷酸根离子,血清、血浆,quantitative,WST886_2026,WST886_2026:1400404A
1400410A,尿液磷酸根离子测定,无机离子类,磷酸根离子,尿液,quantitative,WST886_2026,WST886_2026:1400410A
1400505A,氯离子测定,无机离子类,氯离子,全血、血清、血浆,quantitative,WST886_2026,WST886_2026:1400505A
1400510A,尿液氯离子测定,无机离子类,氯离子,尿液,quantitative,WST886_2026,WST886_2026:1400510A
1400512A,脑脊液氯离子测定,无机离子类,氯离子,脑脊液,quantitative,WST886_2026,WST886_2026:1400512A
1400605A,钾离子测定,无机离子类,钾离子,全血、血清、血浆,quantitative,WST886_2026,WST886_2026:1400605A
1400610A,尿液钾离子测定,无机离子类,钾离子,尿液,quantitative,WST886_2026,WST886_2026:1400610A
1400705A,总钙离子测定,无机离子类,钙离子,全血、血清、血浆,quantitative,WST886_2026,WST886_2026:1400705A
1400710A,尿液钙离子测定,无机离子类,钙离子,尿液,quantitative,WST886_2026,WST886_2026:1400710A
1400805A,游离钙离子测定,无机离子类,游离钙离子,全血、血清、血浆,quantitative,WST886_2026,WST886_2026:1400805A
1400905A,铁离子测定,无机离子类,铁离子,全血、血清、血浆,quantitative,WST886_2026,WST886_2026:1400905A
1401005A,铜离子测定,无机离子类,铜离子,全血、血清、血浆,quantitative,WST886_2026,WST886_2026:1401005A
1401105A,锌离子测定,无机离子类,锌离子,全血、血清、血浆,quantitative,WST886_2026,WST886_2026:1401105A
1401210A,尿液碘离子测定,无机离子类,碘离子,尿液,quantitative,WST886_2026,WST886_2026:1401210A
1401301A,铅离子测定,无机离子类,铅离子,全血,quantitative,WST886_2026,WST886_2026:1401301A
1500104A,丙氨酸氨基转移酶测定,酶类,丙氨酸氨基转移酶,血清、血浆,quantitative,WST886_2026,WST886_2026:1500104A
1500204A,天门冬氨酸氨基转移酶测定,酶类,天门冬氨酸氨基转移酶,血清、血浆,quantitative,WST886_2026,WST886_2026:1500204A
1500304A,天门冬氨酸氨基转移酶线粒体同工酶测定,酶类,天门冬氨酸氨基转移酶线粒体同工酶,血清、血浆,quantitative,WST886_2026,WST886_2026:1500304A
1500404A,碱性磷酸酶测定,酶类,碱性磷酸酶,血清、血浆,quantitative,WST886_2026,WST886_2026:1500404A
1500504A,淀粉酶测定,酶类,淀粉酶,血清、血浆,quantitative,WST886_2026,WST886_2026:1500504A
1500510A,尿液淀粉酶测定,酶类,淀粉酶,尿液,quantitative,WST886_2026,WST886_2026:1500510A
1500604A,肌酸激酶测定,酶类,肌酸激酶,血清、血浆,quantitative,WST886_2026,WST886_2026:1500604A
1500704A,乳酸脱氢酶测定,酶类,乳酸脱氢酶,血清、血浆,quantitative,WST886_2026,WST886_2026:1500704A
1500712A,脑脊液乳酸脱氢酶测定,酶类,乳酸脱氢酶,脑脊液,quantitative,WST886_2026,WST886_2026:1500712A
1500804A,乳酸脱氢酶同工酶测定,酶类,乳酸脱氢酶同工酶,血清、血浆,quantitative,WST886_2026,WST886_2026:1500804A
1500904A,γ-谷氨酰基转移酶测定,酶类,γ-谷氨酰基转移酶,血清、血浆,quantitative,WST886_2026,WST886_2026:1500904A
1501004A,α-羟丁酸脱氢酶测定,酶类,α-羟丁酸脱氢酶,血清、血浆,quantitative,WST886_2026,WST886_2026:1501004A
1501104A,胆碱酯酶测定,酶类,胆碱酯酶,血清、血浆,quantitative,WST886_2026,WST886_2026:1501104A
1501204A,脂肪酶测定,酶类,脂肪酶,血清、血浆,quantitative,WST886_2026,WST886_2026:1501204A
1501304A,α-L-岩藻糖苷酶测定,酶类,α-L-岩藻糖苷酶,血清、血浆,quantitative,WST886_2026,WST886_2026:1501304A
1501404A,5′-核苷酸酶测定,酶类,5′-核苷酸酶,血清、血浆,quantitative,WST886_2026,WST886_2026:1501404A
1501504A,腺苷脱氨酶测定,酶类,腺苷脱氨酶,血清、血浆,quantitative,WST886_2026,WST886_2026:1501504A
1501604A,超氧化物歧化酶测定,酶类,超氧化物歧化酶,血清、血浆,quantitative,WST886_2026,WST886_2026:1501604A
1600104A,甲胎蛋白测定,肿瘤标志物,甲胎蛋白,血清、血浆,quantitative,WST886_2026,WST886_2026:1600104A
1600204A,癌胚抗原测定,肿瘤标志物,癌胚抗原,血清、血浆,quantitative,WST886_2026,WST886_2026:1600204A
1600304A,游离前列腺特异性抗原测定,肿瘤标志物,游离前列腺特异性抗原,血清、血浆,quantitative,WST886_2026,WST886_2026:1600304A
1600404A,前列腺特异性抗原测定,肿瘤标志物,前列腺特异性抗原,血清、血浆,quantitative,WST886_2026,WST886_2026:1600404A
1600504A,糖链抗原72-4测定,肿瘤标志物,糖链抗原72-4,血清、血浆,quantitative,WST886_2026,WST886_2026:1600504A
1600604A,糖链抗原125测定,肿瘤标志物,糖链抗原125,血清、血浆,quantitative,WST886_2026,WST886_2026:1600604A
1600704A,糖链抗原15-3测定,肿瘤标志物,糖链抗原15-3,血清、血浆,quantitative,WST886_2026,WST886_2026:1600704A
1600804A,糖链抗原19-9测定,肿瘤标志物,糖链抗原19-9,血清、血浆,quantitative,WST886_2026,WST886_2026:1600804A
1600904A,糖链抗原50测定,肿瘤标志物,糖链抗原50,血清、血浆,quantitative,WST886_2026,WST886_2026:1600904A
1601004A,糖链抗原242测定,肿瘤标志物,糖链抗原242,血清、血浆,quantitative,WST886_2026,WST886_2026:1601004A
1601104A,鳞状细胞癌抗原测定,肿瘤标志物,鳞状细胞癌抗原,血清、血浆,quantitative,WST886_2026,WST886_2026:1601104A
1601204A,β-人绒毛膜促性腺激素测定,肿瘤标志物,β-人绒毛膜促性腺激素,血清、血浆,quantitative,WST886_2026,WST886_2026:1601204A
1601304A,人绒毛膜促性腺激素测定,肿瘤标志物,人绒毛膜促性腺激素,血清、血浆,quantitative,WST886_2026,WST886_2026:1601304A
1601404A,人附睾分泌蛋白4测定,肿瘤标志物,人附睾分泌蛋白4,血清、血浆,quantitative,WST886_2026,WST886_2026:1601404A
1601504A,细胞角蛋白19片段测定,肿瘤标志物,细胞角蛋白19片段,血清、血浆,quantitative,WST886_2026,WST886_2026:1601504A
1601604A,神经元特异性烯醇化酶测定,肿瘤标志物,神经元特异性烯醇化酶,血清、血浆,quantitative,WST886_2026,WST886_2026:1601604A
1601704A,胃蛋白酶原I测定,肿瘤标志物,胃蛋白酶原Ⅰ,血清、血浆,quantitative,WST886_2026,WST886_2026:1601704A
1601804A,胃蛋白酶原Ⅱ测定,肿瘤标志物,胃蛋白酶原Ⅱ,血清、血浆,quantitative,WST886_2026,WST886_2026:1601804A
1601904A,胃泌素-17测定,肿瘤标志物,胃泌素-17,血清、血浆,quantitative,WST886_2026,WST886_2026:1601904A
1700104A,葡萄糖测定,代谢物类,葡萄糖,血清、血浆,quantitative,WST886_2026,WST886_2026:1700104A
1700110A,尿液葡萄糖测定,代谢物类,葡萄糖,尿液,quantitative,WST886_2026,WST886_2026:1700110A
1700112A,脑脊液葡萄糖测定,代谢物类,葡萄糖,脑脊液,quantitative,WST886_2026,WST886_2026:1700112A
1700204A,尿素测定,代谢物类,尿素,血清、血浆,quantitative,WST886_2026,WST886_2026:1700204A
1700210A,尿液尿素测定,代谢物类,尿素,尿液,quantitative,WST886_2026,WST886_2026:1700210A
1700304A,尿酸测定,代谢物类,尿酸,血清、血浆,quantitative,WST886_2026,WST886_2026:1700304A
1700404A,肌酐测定,代谢物类,肌酐,血清、血浆,quantitative,WST886_2026,WST886_2026:1700404A
1700410A,尿液肌酐测定,代谢物类,肌酐,尿液,quantitative,WST886_2026,WST886_2026:1700410A
1700504A,总胆红素测定,代谢物类,总胆红素,血清、血浆,quantitative,WST886_2026,WST886_2026:1700504A
1700604A,直接胆红素测定,代谢物类,直接胆红素,血清、血浆,quantitative,WST886_2026,WST886_2026:1700604A
1700704A,胆汁酸测定,代谢物类,胆汁酸,血清、血浆,quantitative,WST886_2026,WST886_2026:1700704A
1700804A,唾液酸测定,代谢物类,唾液酸,血清、血浆,quantitative,WST886_2026,WST886_2026:1700804A
1700904A,β-羟丁酸测定,代谢物类,β-羟丁酸,血清、血浆,quantitative,WST886_2026,WST886_2026:1700904A
1701004A,透明质酸测定,代谢物类,透明质酸,血清、血浆,quantitative,WST886_2026,WST886_2026:1701004A
1701104A,甘胆酸测定,代谢物类,甘胆酸,血清、血浆,quantitative,WST886_2026,WST886_2026:1701104A
1701204A,同型半胱氨酸测定,代谢物类,同型半胱氨酸,血清、血浆,quantitative,WST886_2026,WST886_2026:1701204A
1701312A,脑脊液乳酸测定,代谢物类,乳酸,脑脊液,quantitative,WST886_2026,WST886_2026:1701312A
1800103A,肾上腺素测定,儿茶酚胺类,肾上腺素,血浆,quantitative,WST886_2026,WST886_2026:1800103A
1800110A,尿液肾上腺素测定,儿茶酚胺类,肾上腺素,尿液,quantitative,WST886_2026,WST886_2026:1800110A
1800203A,去甲肾上腺素测定,儿茶酚胺类,去甲肾上腺素,血浆,quantitative,WST886_2026,WST886_2026:1800203A
1800210A,尿液去甲肾上腺素测定,儿茶酚胺类,去甲肾上腺素,尿液,quantitative,WST886_2026,WST886_2026:1800210A
1800303A,多巴胺测定,儿茶酚胺类,多巴胺,血浆,quantitative,WST886_2026,WST886_2026:1800303A
1800310A,尿液多巴胺测定,儿茶酚胺类,多巴胺,尿液,quantitative,WST886_2026,WST886_2026:1800310A
1800403A,3-甲氧基肾上腺素测定,儿茶酚胺类,3-甲氧基肾上腺素,血浆,quantitative,WST886_2026,WST886_2026:1800403A
1800410A,尿液3-甲氧基肾上腺素测定,儿茶酚胺类,3-甲氧基肾上腺素,尿液,quantitative,WST886_2026,WST886_2026:1800410A
1800503A,3-甲氧基去甲肾上腺素测定,儿茶酚胺类,3-甲氧基去甲肾上腺素,血浆,quantitative,WST886_2026,WST886_2026:1800503A
1800510A,尿液3-甲氧基去甲肾上腺素测定,儿茶酚胺类,3-甲氧基去甲肾上腺素,尿液,quantitative,WST886_2026,WST886_2026:1800510A
1800603A,3-甲氧基酪胺测定,儿茶酚胺类,3-甲氧基酪胺,血浆,quantitative,WST886_2026,WST886_2026:1800603A
1800610A,尿液3-甲氧基酪胺测定,儿茶酚胺类,3-甲氧基酪胺,尿液,quantitative,WST886_2026,WST886_2026:1800610A
1800703A,香草扁桃酸测定,儿茶酚胺类,香草扁桃酸,血浆,quantitative,WST886_2026,WST886_2026:1800703A
1800710A,尿液香草扁桃酸测定,儿茶酚胺类,香草扁桃酸,尿液,quantitative,WST886_2026,WST886_2026:1800710A
1800803A,高香草酸测定,儿茶酚胺类,高香草酸,血浆,quantitative,WST886_2026,WST886_2026:1800803A
1800810A,尿液高香草酸测定,儿茶酚胺类,高香草酸,尿液,quantitative,WST886_2026,WST886_2026:1800810A
1900104A,5-甲基四氢叶酸测定,维生素类,5-甲基四氢叶酸,血清、血浆,quantitative,WST886_2026,WST886_2026:1900104A
1900204A,蝶酰谷氨酸测定,维生素类,蝶酰谷氨酸,血清、血浆,quantitative,WST886_2026,WST886_2026:1900204A
1900304A,维生素A测定,维生素类,维生素A,血清、血浆,quantitative,WST886_2026,WST886_2026:1900304A
1900404A,25-羟维生素D3测定,维生素类,25-羟维生素D3,血清、血浆,quantitative,WST886_2026,WST886_2026:1900404A
1900504A,25-羟维生素D2测定,维生素类,25-羟维生素D2,血清、血浆,quantitative,WST886_2026,WST886_2026:1900504A
1900604A,总维生素D测定,维生素类,总维生素D,血清、血浆,quantitative,WST886_2026,WST886_2026:1900604A
1900704A,维生素E测定,维生素类,维生素E,血清、血浆,quantitative,WST886_2026,WST886_2026:1900704A
1900804A,维生素K1测定,维生素类,维生素K1,血清、血浆,quantitative,WST886_2026,WST886_2026:1900804A
1900904A,维生素B1测定,维生素类,维生素B1,血清、血浆,quantitative,WST886_2026,WST886_2026:1900904A
1901004A,维生素B2测定,维生素类,维生素B2,血清、血浆,quantitative,WST886_2026,WST886_2026:1901004A
1901104A,维生素B3测定,维生素类,维生素B3,血清、血浆,quantitative,WST886_2026,WST886_2026:1901104A
1901204A,维生素B5测定,维生素类,维生素B5,血清、血浆,quantitative,WST886_2026,WST886_2026:1901204A
1901304A,维生素B6测定,维生素类,维生素B6PA（吡哆酸）,血清、血浆,quantitative,WST886_2026,WST886_2026:1901304A
1901404A,维生素B7测定,维生素类,维生素B7,血清、血浆,quantitative,WST886_2026,WST886_2026:1901404A
1901504A,维生素B9测定,维生素类,维生素B9（叶酸）,血清、血浆,quantitative,WST886_2026,WST886_2026:1901504A
1901604A,维生素B12测定,维生素类,维生素B12,血清、血浆,quantitative,WST886_2026,WST886_2026:1901604A
2000104A,总胆固醇测定,脂质与脂蛋白类,总胆固醇,血清、血浆,quantitative,WST886_2026,WST886_2026:2000104A
2000204A,甘油三酯测定,脂质与脂蛋白类,甘油三酯,血清、血浆,quantitative,WST886_2026,WST886_2026:2000204A
2000304A,高密度脂蛋白胆固醇测定,脂质与脂蛋白类,高密度脂蛋白胆固醇,血清、血浆,quantitative,WST886_2026,WST886_2026:2000304A
2000404A,低密度脂蛋白胆固醇测定,脂质与脂蛋白类,低密度脂蛋白胆固醇,血清、血浆,quantitative,WST886_2026,WST886_2026:2000404A
2000504A,脂蛋白a测定,脂质与脂蛋白类,脂蛋白a,血清、血浆,quantitative,WST886_2026,WST886_2026:2000504A
2000604A,载脂蛋白AⅠ测定,脂质与脂蛋白类,载脂蛋白AⅠ,血清、血浆,quantitative,WST886_2026,WST886_2026:2000604A
2000704A,载脂蛋白B测定,脂质与脂蛋白类,载脂蛋白B,血清、血浆,quantitative,WST886_2026,WST886_2026:2000704A
2000804A,载脂蛋白E测定,脂质与脂蛋白类,载脂蛋白E,血清、血浆,quantitative,WST886_2026,WST886_2026:2000804A
2000904A,磷脂测定,脂质与脂蛋白类,磷脂,血清、血浆,quantitative,WST886_2026,WST886_2026:2000904A
2001004A,小而密低密度脂蛋白胆固醇测定,脂质与脂蛋白类,小而密低密度脂蛋白胆固醇,血清、血浆,quantitative,WST886_2026,WST886_2026:2001004A
2100104A,肌酸激酶-MB质量测定,心脏标志物,肌酸激酶-MB（质量）,血清、血浆,quantitative,WST886_2026,WST886_2026:2100104A
2100204A,肌酸激酶-MB活性测定,心脏标志物,肌酸激酶-MB（活性）,血清、血浆,quantitative,WST886_2026,WST886_2026:2100204A
2100304A,肌红蛋白测定,心脏标志物,肌红蛋白,血清、血浆,quantitative,WST886_2026,WST886_2026:2100304A
2100404A,心肌肌钙蛋白I测定,心脏标志物,心肌肌钙蛋白I,血清、血浆,quantitative,WST886_2026,WST886_2026:2100404A
2100504A,心肌肌钙蛋白T测定,心脏标志物,心肌肌钙蛋白T,血清、血浆,quantitative,WST886_2026,WST886_2026:2100504A
2100604A,脑钠肽测定,心脏标志物,脑钠肽,血清、血浆,quantitative,WST886_2026,WST886_2026:2100604A
2100704A,N末端前脑钠肽测定,心脏标志物,N末端前脑钠肽,血清、血浆,quantitative,WST886_2026,WST886_2026:2100704A
2200104A,白细胞介素6测定,细胞因子,白细胞介素6,血清、血浆,quantitative,WST886_2026,WST886_2026:2200104A
2200204A,白细胞介素8测定,细胞因子,白细胞介素8,血清、血浆,quantitative,WST886_2026,WST886_2026:2200204A
2200304A,白细胞介素10测定,细胞因子,白细胞介素10,血清、血浆,quantitative,WST886_2026,WST886_2026:2200304A
2300101A,pH测定,血气和酸碱分析,pH,全血,quantitative,WST886_2026,WST886_2026:2300101A
2300201A,氧分压测定,血气和酸碱分析,氧气,全血,quantitative,WST886_2026,WST886_2026:2300201A
2300301A,二氧化碳分压测定,血气和酸碱分析,二氧化碳,全血,quantitative,WST886_2026,WST886_2026:2300301A
2400104A,乙型肝炎病毒表面抗原测定,感染性疾病血清学标志物,乙型肝炎病毒表面抗原,血清、血浆,quantitative,WST886_2026,WST886_2026:2400104A
2400204A,乙型肝炎病毒表面抗体测定,感染性疾病血清学标志物,乙型肝炎病毒表面抗体,血清、血浆,quantitative,WST886_2026,WST886_2026:2400204A
2400304A,乙型肝炎病毒e抗原测定,感染性疾病血清学标志物,乙型肝炎病毒e抗原,血清、血浆,quantitative,WST886_2026,WST886_2026:2400304A
2500204A,抗双链DNA抗体测定,自身抗体检测,抗双链DNA抗体,血清、血浆,quantitative,WST886_2026,WST886_2026:2500204A
2500304A,抗RNP抗体测定,自身抗体检测,抗RNP抗体,血清、血浆,quantitative,WST886_2026,WST886_2026:2500304A
2500404A,抗Sm抗体测定,自身抗体检测,抗Sm抗体,血清、血浆,quantitative,WST886_2026,WST886_2026:2500404A
2500504A,抗SS-A抗体测定,自身抗体检测,抗SS-A抗体,血清、血浆,quantitative,WST886_2026,WST886_2026:2500504A
2500604A,抗SS-B抗体测定,自身抗体检测,抗SS-B抗体,血清、血浆,quantitative,WST886_2026,WST886_2026:2500604A
2500704A,抗Ro-52抗体测定,自身抗体检测,抗Ro-52抗体,血清、血浆,quantitative,WST886_2026,WST886_2026:2500704A
2500804A,抗Scl-70抗体测定,自身抗体检测,抗Scl-70抗体,血清、血浆,quantitative,WST886_2026,WST886_2026:2500804A
2500904A,抗Jo-1抗体测定,自身抗体检测,抗Jo-1抗体,血清、血浆,quantitative,WST886_2026,WST886_2026:2500904A
2501004A,抗环瓜氨酸肽抗体测定,自身抗体检测,抗环瓜氨酸肽抗体,血清、血浆,quantitative,WST886_2026,WST886_2026:2501004A
2501204A,抗髓过氧化物酶抗体测定,自身抗体检测,抗髓过氧化物酶抗体,血清、血浆,quantitative,WST886_2026,WST886_2026:2501204A
2501304A,抗蛋白酶3抗体测定,自身抗体检测,抗蛋白酶3抗体,血清、血浆,quantitative,WST886_2026,WST886_2026:2501304A
2501404A,甲状腺球蛋白抗体测定,自身抗体检测,甲状腺球蛋白抗体,血清、血浆,quantitative,WST886_2026,WST886_2026:2501404A
2501504A,抗甲状腺过氧化物酶抗体测定,自身抗体检测,抗甲状腺过氧化物酶抗体,血清、血浆,quantitative,WST886_2026,WST886_2026:2501504A
2501604A,促甲状腺受体抗体测定,自身抗体检测,促甲状腺受体抗体,血清、血浆,quantitative,WST886_2026,WST886_2026:2501604A
2600104A,乙型肝炎病毒核酸测定,病原微生物核酸检测,乙型肝炎病毒脱氧核糖核酸,血清、血浆,quantitative,WST886_2026,WST886_2026:2600104A
2600204A,丙型肝炎病毒核酸测定,病原微生物核酸检测,丙型肝炎病毒核糖核酸,血清、血浆,quantitative,WST886_2026,WST886_2026:2600204A
2600305A,EB病毒核酸测定,病原微生物核酸检测,EB病毒脱氧核糖核酸,全血、血清、血浆,quantitative,WST886_2026,WST886_2026:2600305A
2600421A,人巨细胞病毒核酸测定,病原微生物核酸检测,人巨细胞病毒脱氧核糖核酸,血浆、血清、尿液、乳汁、淋巴细胞,quantitative,WST886_2026,WST886_2026:2600421A
3300116A,药敏定量试验,药物敏感性试验,细菌、真菌,菌株,quantitative,WST886_2026,WST886_2026:3300116A
3400102A,真菌细胞壁（1，3）-β-D-葡聚糖试验,真菌感染血清学检测,真菌细胞壁,血清,quantitative,WST886_2026,WST886_2026:3400102A
